Driver_Id;Forename;Surname;Birth_Date;Nationality;Name
1;Lewis;Hamilton;07.01.1985;British;Lewis Hamilton
2;Nick;Heidfeld;10.05.1977;German;Nick Heidfeld
3;Nico;Rosberg;27.06.1985;German;Nico Rosberg
4;Fernando;Alonso;29.07.1981;Spanish;Fernando Alonso
5;Heikki;Kovalainen;19.10.1981;Finnish;Heikki Kovalainen
6;Kazuki;Nakajima;11.01.1985;Japanese;Kazuki Nakajima
7;Sebastien;Bourdais;28.02.1979;French;Sebastien Bourdais
8;Kimi;Raikkonen;17.10.1979;Finnish;Kimi Raikkonen
9;Robert;Kubica;07.12.1984;Polish;Robert Kubica
10;Timo;Glock;18.03.1982;German;Timo Glock
11;Takuma;Sato;28.01.1977;Japanese;Takuma Sato
12;Nelson;Piquet Jr.;25.07.1985;Brazilian;Nelson Piquet Jr.
13;Felipe;Massa;25.04.1981;Brazilian;Felipe Massa
14;David;Coulthard;27.03.1971;British;David Coulthard
15;Jarno;Trulli;13.07.1974;Italian;Jarno Trulli
16;Adrian;Sutil;11.01.1983;German;Adrian Sutil
17;Mark;Webber;27.08.1976;Australian;Mark Webber
18;Jenson;Button;19.01.1980;British;Jenson Button
19;Anthony;Davidson;18.04.1979;British;Anthony Davidson
20;Sebastian;Vettel;03.07.1987;German;Sebastian Vettel
21;Giancarlo;Fisichella;14.01.1973;Italian;Giancarlo Fisichella
22;Rubens;Barrichello;23.05.1972;Brazilian;Rubens Barrichello
23;Ralf;Schumacher;30.06.1975;German;Ralf Schumacher
24;Vitantonio;Liuzzi;06.08.1980;Italian;Vitantonio Liuzzi
25;Alexander;Wurz;15.02.1974;Austrian;Alexander Wurz
26;Scott;Speed;24.01.1983;American;Scott Speed
27;Christijan;Albers;16.04.1979;Dutch;Christijan Albers
28;Markus;Winkelhock;13.06.1980;German;Markus Winkelhock
29;Sakon;Yamamoto;09.07.1982;Japanese;Sakon Yamamoto
30;Michael;Schumacher;03.01.1969;German;Michael Schumacher
31;Juan;Pablo Montoya;20.09.1975;Colombian;Juan Pablo Montoya
32;Christian;Klien;07.02.1983;Austrian;Christian Klien
33;Tiago;Monteiro;24.07.1976;Portuguese;Tiago Monteiro
34;Yuji;Ide;21.01.1975;Japanese;Yuji Ide
35;Jacques;Villeneuve;09.04.1971;Canadian;Jacques Villeneuve
36;Franck;Montagny;05.01.1978;French;Franck Montagny
37;Pedro;de la Rosa;24.02.1971;Spanish;Pedro de la Rosa
38;Robert;Doornbos;23.09.1981;Dutch;Robert Doornbos
39;Narain;Karthikeyan;14.01.1977;Indian;Narain Karthikeyan
40;Patrick;Friesacher;26.09.1980;Austrian;Patrick Friesacher
41;Ricardo;Zonta;23.03.1976;Brazilian;Ricardo Zonta
42;Antonio;Pizzonia;11.09.1980;Brazilian;Antonio Pizzonia
43;Cristiano;da Matta;19.09.1973;Brazilian;Cristiano da Matta
44;Olivier;Panis;02.09.1966;French;Olivier Panis
45;Giorgio;Pantano;04.02.1979;Italian;Giorgio Pantano
46;Gianmaria;Bruni;30.05.1981;Italian;Gianmaria Bruni
47;Zsolt;Baumgartner;01.01.1981;Hungarian;Zsolt Baumgartner
48;Marc;Gene;29.03.1974;Spanish;Marc Gene
49;Heinz-Harald;Frentzen;18.05.1967;German;Heinz-Harald Frentzen
50;Jos;Verstappen;04.03.1972;Dutch;Jos Verstappen
51;Justin;Wilson;31.07.1978;British;Justin Wilson
52;Ralph;Firman;20.05.1975;Irish;Ralph Firman
53;Nicolas;Kiesa;03.03.1978;Danish;Nicolas Kiesa
54;Luciano;Burti;05.03.1975;Brazilian;Luciano Burti
55;Jean;Alesi;11.06.1964;French;Jean Alesi
56;Eddie;Irvine;10.11.1965;British;Eddie Irvine
57;Mika;Hakkinen;28.09.1968;Finnish;Mika Hakkinen
58;Tarso;Marques;19.01.1976;Brazilian;Tarso Marques
59;Enrique;Bernoldi;19.10.1978;Brazilian;Enrique Bernoldi
60;Gaston;Mazzacane;08.05.1975;Argentine;Gaston Mazzacane
61;Tomas;Enge;11.09.1976;Czech;Tomas Enge
62;Alex;Yoong;20.07.1976;Malaysian;Alex Yoong
63;Mika;Salo;30.11.1966;Finnish;Mika Salo
64;Pedro;Diniz;22.05.1970;Brazilian;Pedro Diniz
65;Johnny;Herbert;25.06.1964;British;Johnny Herbert
66;Allan;McNish;29.12.1969;British;Allan McNish
67;Sebastien;Buemi;31.10.1988;Swiss;Sebastien Buemi
68;Toranosuke;Takagi;12.02.1974;Japanese;Toranosuke Takagi
69;Luca;Badoer;25.01.1971;Italian;Luca Badoer
70;Alessandro;Zanardi;23.10.1966;Italian;Alessandro Zanardi
71;Damon;Hill;17.09.1960;British;Damon Hill
72;Stephane;Sarrazin;02.11.1975;French;Stephane Sarrazin
73;Ricardo;Rosset;27.07.1968;Brazilian;Ricardo Rosset
74;Esteban;Tuero;22.04.1978;Argentine;Esteban Tuero
75;Shinji;Nakano;01.04.1971;Japanese;Shinji Nakano
76;Jan;Magnussen;04.07.1973;Danish;Jan Magnussen
77;Gerhard;Berger;27.08.1959;Austrian;Gerhard Berger
78;Nicola;Larini;19.03.1964;Italian;Nicola Larini
79;Ukyo;Katayama;29.05.1963;Japanese;Ukyo Katayama
80;Vincenzo;Sospiri;07.10.1966;Italian;Vincenzo Sospiri
81;Gianni;Morbidelli;13.01.1968;Italian;Gianni Morbidelli
82;Norberto;Fontana;20.01.1975;Argentine;Norberto Fontana
83;Pedro;Lamy;20.03.1972;Portuguese;Pedro Lamy
84;Martin;Brundle;01.06.1959;British;Martin Brundle
85;Andrea;Montermini;30.05.1964;Italian;Andrea Montermini
86;Giovanni;Lavaggi;18.02.1958;Italian;Giovanni Lavaggi
87;Mark;Blundell;08.04.1966;British;Mark Blundell
88;Aguri;Suzuki;08.09.1960;Japanese;Aguri Suzuki
89;Taki;Inoue;05.09.1963;Japanese;Taki Inoue
90;Roberto;Moreno;11.02.1959;Brazilian;Roberto Moreno
91;Karl;Wendlinger;20.12.1968;Austrian;Karl Wendlinger
92;Bertrand;Gachot;23.12.1962;Belgian;Bertrand Gachot
93;Domenico;Schiattarella;17.11.1967;Italian;Domenico Schiattarella
94;Pierluigi;Martini;23.04.1961;Italian;Pierluigi Martini
95;Nigel;Mansell;08.08.1953;British;Nigel Mansell
96;Jean-Christophe;Boullion;27.12.1969;French;Jean-Christophe Boullion
97;Massimiliano;Papis;03.10.1969;Italian;Massimiliano Papis
98;Jean-Denis;Deletraz;01.10.1963;Swiss;Jean-Denis Deletraz
99;Gabriele;Tarquini;02.03.1962;Italian;Gabriele Tarquini
100;Erik;Comas;28.09.1963;French;Erik Comas
101;David;Brabham;05.09.1965;Australian;David Brabham
102;Ayrton;Senna;21.03.1960;Brazilian;Ayrton Senna
103;Eric;Bernard;24.08.1964;French;Eric Bernard
104;Christian;Fittipaldi;18.01.1971;Brazilian;Christian Fittipaldi
105;Michele;Alboreto;23.12.1956;Italian;Michele Alboreto
106;Olivier;Beretta;23.11.1969;Monaco;Olivier Beretta
107;Roland;Ratzenberger;04.07.1960;Austrian;Roland Ratzenberger
108;Paul;Belmondo;23.04.1963;French;Paul Belmondo
109;Jyrki;Jarvilehto;31.01.1966;Finnish;Jyrki Jarvilehto
110;Andrea;de Cesaris;31.05.1959;Italian;Andrea de Cesaris
111;Jean-Marc;Gounon;01.01.1963;French;Jean-Marc Gounon
112;Philippe;Alliot;27.07.1954;French;Philippe Alliot
113;Philippe;Adams;19.11.1969;Belgian;Philippe Adams
114;Yannick;Dalmas;28.07.1961;French;Yannick Dalmas
115;Hideki;Noda;07.03.1969;Japanese;Hideki Noda
116;Franck;Lagorce;01.09.1968;French;Franck Lagorce
117;Alain;Prost;24.02.1955;French;Alain Prost
118;Derek;Warwick;27.08.1954;British;Derek Warwick
119;Riccardo;Patrese;17.04.1954;Italian;Riccardo Patrese
120;Fabrizio;Barbazza;02.04.1963;Italian;Fabrizio Barbazza
121;Michael;Andretti;05.10.1962;American;Michael Andretti
122;Ivan;Capelli;24.05.1963;Italian;Ivan Capelli
123;Thierry;Boutsen;13.07.1957;Belgian;Thierry Boutsen
124;Marco;Apicella;07.10.1965;Italian;Marco Apicella
125;Emanuele;Naspetti;24.02.1968;Italian;Emanuele Naspetti
126;Toshio;Suzuki;10.03.1955;Japanese;Toshio Suzuki
127;Mauricio;Gugelmin;20.04.1963;Brazilian;Mauricio Gugelmin
128;Eric;van de Poele;30.09.1961;Belgian;Eric van de Poele
129;Olivier;Grouillard;02.09.1958;French;Olivier Grouillard
130;Andrea;Chiesa;06.05.1964;Swiss;Andrea Chiesa
131;Stefano;Modena;12.05.1963;Italian;Stefano Modena
132;Giovanna;Amati;20.07.1959;Italian;Giovanna Amati
133;Alex;Caffi;18.03.1964;Italian;Alex Caffi
134;Enrico;Bertaggia;19.09.1964;Italian;Enrico Bertaggia
135;Perry;McCarthy;03.03.1961;British;Perry McCarthy
136;Jan;Lammers;02.06.1956;Dutch;Jan Lammers
137;Nelson;Piquet;17.08.1952;Brazilian;Nelson Piquet
138;Satoru;Nakajima;23.02.1953;Japanese;Satoru Nakajima
139;Emanuele;Pirro;12.01.1962;Italian;Emanuele Pirro
140;Stefan;Johansson;08.09.1956;Swedish;Stefan Johansson
141;Julian;Bailey;09.10.1961;British;Julian Bailey
142;Pedro;Chaves;27.02.1965;Portuguese;Pedro Chaves
143;Michael;Bartels;08.03.1968;German;Michael Bartels
144;Naoki;Hattori;13.06.1966;Japanese;Naoki Hattori
145;Alessandro;Nannini;07.07.1959;Italian;Alessandro Nannini
146;Bernd;Schneider;20.07.1964;German;Bernd Schneider
147;Paolo;Barilla;20.04.1961;Italian;Paolo Barilla
148;Gregor;Foitek;27.03.1965;Swiss;Gregor Foitek
149;Claudio;Langes;20.07.1960;Italian;Claudio Langes
150;Gary;Brabham;29.03.1961;Australian;Gary Brabham
151;Martin;Donnelly;26.03.1964;British;Martin Donnelly
152;Bruno;Giacomelli;10.09.1952;Italian;Bruno Giacomelli
153;Jaime;Alguersuari;23.03.1990;Spanish;Jaime Alguersuari
154;Romain;Grosjean;17.04.1986;French;Romain Grosjean
155;Kamui;Kobayashi;13.09.1986;Japanese;Kamui Kobayashi
156;Jonathan;Palmer;07.11.1956;British;Jonathan Palmer
157;Christian;Danner;04.04.1958;German;Christian Danner
158;Eddie;Cheever;10.01.1958;American;Eddie Cheever
159;Luis;Perez-Sala;15.05.1959;Spanish;Luis Perez-Sala
160;Piercarlo;Ghinzani;16.01.1952;Italian;Piercarlo Ghinzani
161;Volker;Weidler;18.03.1962;German;Volker Weidler
162;Pierre-Henri;Raphanel;27.05.1961;French;Pierre-Henri Raphanel
163;Rene;Arnoux;04.07.1948;French;Rene Arnoux
164;Joachim;Winkelhock;24.10.1960;German;Joachim Winkelhock
165;Oscar;Larrauri;19.08.1954;Argentine;Oscar Larrauri
166;Philippe;Streiff;26.06.1955;French;Philippe Streiff
167;Adrian;Campos;17.06.1960;Spanish;Adrian Campos
168;Jean-Louis;Schlesser;12.09.1948;French;Jean-Louis Schlesser
169;Pascal;Fabre;09.01.1960;French;Pascal Fabre
170;Teo;Fabi;09.03.1955;Italian;Teo Fabi
171;Franco;Forini;22.09.1958;Swiss;Franco Forini
172;Jacques;Laffite;21.11.1943;French;Jacques Laffite
173;Elio;de Angelis;26.03.1958;Italian;Elio de Angelis
174;Johnny;Dumfries;26.04.1958;British;Johnny Dumfries
175;Patrick;Tambay;25.06.1949;French;Patrick Tambay
176;Marc;Surer;18.09.1951;Swiss;Marc Surer
177;Keke;Rosberg;06.12.1948;Finnish;Keke Rosberg
178;Alan;Jones;02.11.1946;Australian;Alan Jones
179;Huub;Rothengatter;08.10.1954;Dutch;Huub Rothengatter
180;Allen;Berg;01.08.1961;Canadian;Allen Berg
181;Manfred;Winkelhock;06.10.1951;German;Manfred Winkelhock
182;Niki;Lauda;22.02.1949;Austrian;Niki Lauda
183;Francois;Hesnault;30.12.1956;French;Francois Hesnault
184;Mauro;Baldi;31.01.1954;Italian;Mauro Baldi
185;Stefan;Bellof;20.11.1957;German;Stefan Bellof
186;Kenny;Acheson;27.11.1957;British;Kenny Acheson
187;John;Watson;04.05.1946;British;John Watson
188;Johnny;Cecotto;25.01.1956;Venezuelan;Johnny Cecotto
189;Jo;Gartner;24.01.1954;Austrian;Jo Gartner
190;Corrado;Fabi;12.04.1961;Italian;Corrado Fabi
191;Mike;Thackwell;30.03.1961;New Zealander;Mike Thackwell
192;Chico;Serra;03.02.1957;Brazilian;Chico Serra
193;Danny;Sullivan;09.03.1950;American;Danny Sullivan
194;Eliseo;Salazar;14.11.1954;Chilean;Eliseo Salazar
195;Roberto;Guerrero;16.11.1958;Colombian;Roberto Guerrero
196;Raul;Boesel;04.12.1957;Brazilian;Raul Boesel
197;Jean-Pierre;Jarier;10.07.1946;French;Jean-Pierre Jarier
198;Jacques;Villeneuve Sr.;04.11.1953;Canadian;Jacques Villeneuve Sr.
199;Carlos;Reutemann;12.04.1942;Argentine;Carlos Reutemann
200;Jochen;Mass;30.09.1946;German;Jochen Mass
201;Slim;Borgudd;25.11.1946;Swedish;Slim Borgudd
202;Didier;Pironi;26.03.1952;French;Didier Pironi
203;Gilles;Villeneuve;18.01.1950;Canadian;Gilles Villeneuve
204;Riccardo;Paletti;15.06.1958;Italian;Riccardo Paletti
205;Brian;Henton;19.09.1946;British;Brian Henton
206;Derek;Daly;11.03.1953;Irish;Derek Daly
207;Mario;Andretti;28.02.1940;American;Mario Andretti
208;Emilio;de Villota;26.07.1946;Spanish;Emilio de Villota
209;Geoff;Lees;01.05.1951;British;Geoff Lees
210;Tommy;Byrne;06.05.1958;Irish;Tommy Byrne
211;Rupert;Keegan;26.02.1955;British;Rupert Keegan
212;Hector;Rebaque;05.02.1956;Mexican;Hector Rebaque
213;Beppe;Gabbiani;02.01.1957;Italian;Beppe Gabbiani
214;Kevin;Cogan;31.03.1956;American;Kevin Cogan
215;Miguel Angel;Guerra;31.08.1953;Argentine;Miguel Angel Guerra
216;Siegfried;Stohr;10.10.1952;Italian;Siegfried Stohr
217;Ricardo;Zunino;13.04.1949;Argentine;Ricardo Zunino
218;Ricardo;Londono;08.08.1949;Colombian;Ricardo Londono
219;Jean-Pierre;Jabouille;01.10.1942;French;Jean-Pierre Jabouille
220;Giorgio;Francia;08.11.1947;Italian;Giorgio Francia
221;Patrick;Depailler;09.08.1944;French;Patrick Depailler
222;Jody;Scheckter;29.01.1950;South African;Jody Scheckter
223;Clay;Regazzoni;05.09.1939;Swiss;Clay Regazzoni
224;Emerson;Fittipaldi;12.12.1946;Brazilian;Emerson Fittipaldi
225;Dave;Kennedy;15.01.1953;Irish;Dave Kennedy
226;Stephen;South;19.02.1952;British;Stephen South
227;Tiff;Needell;29.10.1951;British;Tiff Needell
228;Desire;Wilson;26.11.1953;South African;Desire Wilson
229;Harald;Ertl;31.08.1948;Austrian;Harald Ertl
230;Vittorio;Brambilla;11.11.1937;Italian;Vittorio Brambilla
231;James;Hunt;29.08.1947;British;James Hunt
232;Arturo;Merzario;11.03.1943;Italian;Arturo Merzario
233;Hans-Joachim;Stuck;01.01.1951;German;Hans-Joachim Stuck
234;Gianfranco;Brancatelli;18.01.1950;Italian;Gianfranco Brancatelli
235;Jacky;Ickx;01.01.1945;Belgian;Jacky Ickx
236;Patrick;Gaillard;12.02.1952;French;Patrick Gaillard
237;Alex;Ribeiro;07.11.1948;Brazilian;Alex Ribeiro
238;Ronnie;Peterson;14.02.1944;Swedish;Ronnie Peterson
239;Brett;Lunger;14.11.1945;American;Brett Lunger
240;Danny;Ongais;21.05.1942;American;Danny Ongais
241;Lamberto;Leoni;24.05.1953;Italian;Lamberto Leoni
242;Divina;Galica;13.08.1944;British;Divina Galica
243;Rolf;Stommelen;11.07.1943;German;Rolf Stommelen
244;Alberto;Colombo;23.02.1946;Italian;Alberto Colombo
245;Tony;Trimmer;24.01.1943;British;Tony Trimmer
246;Hans;Binder;12.06.1948;Austrian;Hans Binder
247;Michael;Bleekemolen;02.10.1949;Dutch;Michael Bleekemolen
248;Carlo;Franchi;01.01.1938;Italian;Carlo Franchi
249;Bobby;Rahal;10.01.1953;American;Bobby Rahal
250;Carlos;Pace;06.10.1944;Brazilian;Carlos Pace
251;Ian;Scheckter;22.08.1947;South African;Ian Scheckter
252;Tom;Pryce;11.06.1949;British;Tom Pryce
253;Ingo;Hoffmann;28.02.1953;Brazilian;Ingo Hoffmann
254;Renzo;Zorzi;12.12.1946;Italian;Renzo Zorzi
255;Gunnar;Nilsson;20.11.1948;Swedish;Gunnar Nilsson
256;Larry;Perkins;18.03.1950;Australian;Larry Perkins
257;Boy;Lunger;03.05.1949;Dutch;Boy Lunger
258;Patrick;Neve;13.10.1949;Belgian;Patrick Neve
259;David;Purley;26.01.1945;British;David Purley
260;Conny;Andersson;28.12.1939;Swedish;Conny Andersson
261;Bernard;de Dryver;19.09.1952;Belgian;Bernard de Dryver
262;Jackie;Oliver;14.08.1942;British;Jackie Oliver
263;Mikko;Kozarowitzky;17.05.1948;Finnish;Mikko Kozarowitzky
264;Andy;Sutcliffe;09.05.1947;British;Andy Sutcliffe
265;Guy;Edwards;30.12.1942;British;Guy Edwards
266;Brian;McGuire;13.12.1945;Australian;Brian McGuire
267;Vern;Schuppan;19.03.1943;Australian;Vern Schuppan
268;Hans;Heyer;16.03.1943;German;Hans Heyer
269;Teddy;Pilette;26.07.1942;Belgian;Teddy Pilette
270;Ian;Ashley;26.10.1947;British;Ian Ashley
271;Loris;Kessel;01.04.1950;Swiss;Loris Kessel
272;Kunimitsu;Takahashi;29.01.1940;Japanese;Kunimitsu Takahashi
273;Kazuyoshi;Hoshino;01.07.1947;Japanese;Kazuyoshi Hoshino
274;Noritake;Takahara;06.06.1951;Japanese;Noritake Takahara
275;Lella;Lombardi;26.03.1941;Italian;Lella Lombardi
276;Bob;Evans;11.06.1947;British;Bob Evans
277;Michel;Leclere;18.03.1946;French;Michel Leclere
278;Chris;Amon;20.07.1943;New Zealander;Chris Amon
279;Emilio;Zapico;27.05.1944;Spanish;Emilio Zapico
280;Henri;Pescarolo;25.09.1942;French;Henri Pescarolo
281;Jac;Nelleman;19.04.1944;Danish;Jac Nelleman
282;Damien;Magee;17.11.1945;British;Damien Magee
283;Mike;Wilds;07.01.1946;British;Mike Wilds
284;Alessandro;Pesenti-Rossi;31.08.1942;Italian;Alessandro Pesenti-Rossi
285;Otto;Stuppacher;03.03.1947;Austrian;Otto Stuppacher
286;Warwick;Brown;24.12.1949;Australian;Warwick Brown
287;Masahiro;Hasemi;13.11.1945;Japanese;Masahiro Hasemi
288;Mark;Donohue;18.03.1937;American;Mark Donohue
289;Graham;Hill;15.02.1929;British;Graham Hill
290;Wilson;Fittipaldi;25.12.1943;Brazilian;Wilson Fittipaldi
291;Guy;Tunmer;01.12.1948;South African;Guy Tunmer
292;Eddie;Keizan;12.09.1944;South African;Eddie Keizan
293;Dave;Charlton;27.10.1936;South African;Dave Charlton
294;Tony;Brise;28.03.1952;British;Tony Brise
295;Roelof;Wunderink;12.12.1948;Dutch;Roelof Wunderink
296;Francois ;Migault;04.12.1944;French;Francois  Migault
297;Torsten;Palm;23.07.1947;Swedish;Torsten Palm
298;Gijs;van Lennep;16.03.1942;Dutch;Gijs van Lennep
299;Hiroshi;Fushida;10.03.1946;Japanese;Hiroshi Fushida
300;John;Nicholson;06.10.1941;New Zealander;John Nicholson
301;Dave;Morgan;07.08.1944;British;Dave Morgan
302;Jim;Crawford;13.02.1948;British;Jim Crawford
303;Jo;Vonlanthen;31.05.1942;Swiss;Jo Vonlanthen
304;Denny;Hulme;18.06.1936;New Zealander;Denny Hulme
305;Mike;Hailwood;02.04.1940;British;Mike Hailwood
306;Jean-Pierre;Beltoise;26.04.1937;French;Jean-Pierre Beltoise
307;Howden;Ganley;24.12.1941;New Zealander;Howden Ganley
308;Richard;Robarts;22.09.1944;British;Richard Robarts
309;Peter;Revson;27.02.1939;American;Peter Revson
310;Paddy;Driver;13.05.1934;South African;Paddy Driver
311;Tom;Belso;27.08.1942;Danish;Tom Belso
312;Brian;Redman;09.03.1937;British;Brian Redman
313;Rikky;von Opel;14.10.1947;Liechtensteiner;Rikky von Opel
314;Tim;Schenken;26.09.1943;Australian;Tim Schenken
315;Gerard;Larrousse;23.05.1940;French;Gerard Larrousse
316;Leo;Kinnunen;05.08.1943;Finnish;Leo Kinnunen
317;Reine;Wisell;30.09.1941;Swedish;Reine Wisell
318;Bertil;Roos;12.10.1943;Swedish;Bertil Roos
319;Jose;Dolhem;26.04.1944;French;Jose Dolhem
320;Peter;Gethin;21.02.1940;British;Peter Gethin
321;Derek;Bell;31.10.1941;British;Derek Bell
322;David;Hobbs;09.06.1939;British;David Hobbs
323;Dieter;Quester;30.05.1939;Austrian;Dieter Quester
324;Helmuth;Koinigg;03.11.1948;Austrian;Helmuth Koinigg
325;Carlo;Facetti;26.06.1935;Italian;Carlo Facetti
326;Eppie;Wietzes;28.05.1938;Canadian;Eppie Wietzes
327;Francois;Cevert;25.02.1944;French;Francois Cevert
328;Jackie;Stewart;11.06.1939;British;Jackie Stewart
329;Mike;Beuttler;13.04.1940;British;Mike Beuttler
330;Nanni;Galli;02.10.1940;Italian;Nanni Galli
331;Luiz;Bueno;16.01.1937;Brazilian;Luiz Bueno
332;George;Follmer;27.01.1934;American;George Follmer
333;Andrea;de Adamich;03.10.1941;Italian;Andrea de Adamich
334;Jackie;Pretorius;22.11.1934;South African;Jackie Pretorius
335;Roger;Williamson;02.02.1948;British;Roger Williamson
336;Graham;McRae;05.03.1940;New Zealander;Graham McRae
337;Helmut;Marko;27.04.1943;Austrian;Helmut Marko
338;David;Walker;10.06.1941;Australian;David Walker
339;Alex;Soler-Roig;29.10.1932;Spanish;Alex Soler-Roig
340;John;Love;07.12.1924;Rhodesian;John Love
341;John;Surtees;11.02.1934;British;John Surtees
342;Skip;Barber;16.11.1936;American;Skip Barber
343;Bill;Brack;26.12.1935;Canadian;Bill Brack
344;Sam;Posey;26.05.1944;American;Sam Posey
345;Pedro;Rodriguez;18.01.1940;Mexican;Pedro Rodriguez
346;Jo;Siffert;07.07.1936;Swiss;Jo Siffert
347;Jo;Bonnier;31.01.1930;Swedish;Jo Bonnier
348;Francois;Mazet;24.02.1943;French;Francois Mazet
349;Max;Jean;27.07.1943;French;Max Jean
350;Vic;Elford;10.06.1935;British;Vic Elford
351;Silvio;Moser;24.04.1941;Swiss;Silvio Moser
352;George;Eaton;12.11.1945;Canadian;George Eaton
353;Pete;Lovely;11.04.1926;American;Pete Lovely
354;Chris;Craft;17.11.1939;British;Chris Craft
355;John;Cannon;21.06.1933;Canadian;John Cannon
356;Jack;Brabham;02.04.1926;Australian;Jack Brabham
357;John;Miles;14.06.1943;British;John Miles
358;Jochen;Rindt;18.04.1942;Austrian;Jochen Rindt
359;Johnny;Servoz-Gavin;18.01.1942;French;Johnny Servoz-Gavin
360;Bruce;McLaren;30.08.1937;New Zealander;Bruce McLaren
361;Piers;Courage;27.05.1942;British;Piers Courage
362;Peter;de Klerk;16.03.1935;South African;Peter de Klerk
363;Ignazio;Giunti;30.08.1941;Italian;Ignazio Giunti
364;Dan;Gurney;13.04.1931;American;Dan Gurney
365;Hubert;Hahne;28.03.1935;German;Hubert Hahne
366;Gus;Hutchison;26.04.1937;American;Gus Hutchison
367;Peter;Westbury;26.05.1938;British;Peter Westbury
368;Sam;Tingle;24.08.1921;Rhodesian;Sam Tingle
369;Basil;van Rooyen;19.04.1939;South African;Basil van Rooyen
370;Richard;Attwood;04.04.1940;British;Richard Attwood
371;Al;Pease;15.10.1921;Canadian;Al Pease
372;John;Cordts;23.07.1935;Canadian;John Cordts
373;Jim;Clark;04.03.1936;British;Jim Clark
374;Mike;Spence;30.12.1936;British;Mike Spence
375;Ludovico;Scarfiotti;18.10.1933;Italian;Ludovico Scarfiotti
376;Lucien;Bianchi;10.11.1934;Belgian;Lucien Bianchi
377;Jo;Schlesser;18.05.1928;French;Jo Schlesser
378;Robin;Widdows;27.05.1942;British;Robin Widdows
379;Kurt;Ahrens;19.04.1940;German;Kurt Ahrens
380;Frank;Gardner;01.10.1930;Australian;Frank Gardner
381;Bobby;Unser;20.02.1934;American;Bobby Unser
382;Moises;Solana;26.12.1935;Mexican;Moises Solana
383;Bob;Anderson;19.05.1931;British;Bob Anderson
384;Luki;Botha;16.01.1930;South African;Luki Botha
385;Lorenzo;Bandini;21.12.1935;Italian;Lorenzo Bandini
386;Richie;Ginther;05.08.1930;American;Richie Ginther
387;Mike;Parkes;24.09.1931;British;Mike Parkes
388;Chris;Irwin;27.06.1942;British;Chris Irwin
389;Guy;Ligier;12.07.1930;French;Guy Ligier
390;Alan;Rees;12.01.1938;British;Alan Rees
391;Brian;Hart;07.09.1936;British;Brian Hart
392;Mike;Fisher;13.03.1943;American;Mike Fisher
393;Tom;Jones;26.04.1943;American;Tom Jones
394;Giancarlo;Baghetti;25.12.1934;Italian;Giancarlo Baghetti
395;Jonathan;Williams;26.10.1942;British;Jonathan Williams
396;Bob;Bondurant;27.04.1933;American;Bob Bondurant
397;Peter;Arundell;08.11.1933;British;Peter Arundell
398;Vic;Wilson;14.04.1931;British;Vic Wilson
399;John;Taylor;23.03.1933;British;John Taylor
400;Chris;Lawrence;27.07.1933;British;Chris Lawrence
401;Trevor;Taylor;26.12.1936;British;Trevor Taylor
402;Giacomo;Russo;23.10.1937;Italian;Giacomo Russo
403;Phil;Hill;20.04.1927;American;Phil Hill
404;Innes;Ireland;12.06.1930;British;Innes Ireland
405;Ronnie;Bucknum;05.04.1936;American;Ronnie Bucknum
406;Paul;Hawkins;12.10.1937;Australian;Paul Hawkins
407;David;Prophet;09.10.1937;British;David Prophet
408;Tony;Maggs;09.02.1937;South African;Tony Maggs
409;Trevor;Blokdyk;30.11.1935;South African;Trevor Blokdyk
410;Neville;Lederle;25.09.1938;South African;Neville Lederle
411;Doug;Serrurier;09.12.1920;South African;Doug Serrurier
412;Brausch;Niemann;07.01.1939;South African;Brausch Niemann
413;Ernie;Pieterse;04.07.1938;South African;Ernie Pieterse
414;Clive;Puzey;11.07.1941;Rhodesian;Clive Puzey
415;Ray;Reed;30.04.1932;South African;Ray Reed
416;David;Clapham;18.05.1931;South African;David Clapham
417;Alex;Blignaut;30.11.1932;South African;Alex Blignaut
418;Masten;Gregory;29.02.1932;American;Masten Gregory
419;John;Rhodes;18.08.1927;British;John Rhodes
420;Ian;Raby;22.09.1921;British;Ian Raby
421;Alan;Rollinson;15.05.1943;British;Alan Rollinson
422;Brian;Gubby;17.04.1934;British;Brian Gubby
423;Gerhard;Mitter;30.08.1935;German;Gerhard Mitter
424;Roberto;Bussinello;04.10.1927;Italian;Roberto Bussinello
425;Nino;Vaccarella;04.03.1933;Italian;Nino Vaccarella
426;Giorgio;Bassi;20.01.1934;Italian;Giorgio Bassi
427;Maurice;Trintignant;30.10.1917;French;Maurice Trintignant
428;Bernard;Collomb;07.10.1930;French;Bernard Collomb
429;Andre;Pilette;06.10.1918;Belgian;Andre Pilette
430;Carel Godin;de Beaufort;10.04.1934;Dutch;Carel Godin de Beaufort
431;Edgar;Barth;26.01.1917;German;Edgar Barth
432;Mario de Araujo;Cabral;15.01.1934;Portuguese;Mario de Araujo Cabral
433;Walt;Hansgen;28.10.1919;American;Walt Hansgen
434;Hap;Sharp;01.01.1928;American;Hap Sharp
435;Willy;Mairesse;01.10.1928;Belgian;Willy Mairesse
436;John;Campbell-Jones;21.01.1930;British;John Campbell-Jones
437;Ian;Burgess;06.07.1930;British;Ian Burgess
438;Tony;Settember;10.07.1926;American;Tony Settember
439;Nasif;Estefano;18.11.1932;Argentine;Nasif Estefano
440;Jim;Hall;23.07.1935;American;Jim Hall
441;Tim;Parnell;25.06.1932;British;Tim Parnell
442;Kurt;Kuhnke;30.04.1910;German;Kurt Kuhnke
443;Ernesto;Brambilla;31.01.1934;Italian;Ernesto Brambilla
444;Roberto;Lippi;17.10.1926;Italian;Roberto Lippi
445;Gunther;Seiffert;18.10.1937;German;Gunther Seiffert
446;Carlo;Abate;10.07.1932;Italian;Carlo Abate
447;Gaetano;Starrabba;03.12.1932;Italian;Gaetano Starrabba
448;Peter;Broeker;15.05.1926;Canadian;Peter Broeker
449;Rodger;Ward;10.01.1921;American;Rodger Ward
450;Ernie;de Vos;01.07.1941;Dutch;Ernie de Vos
451;Frank;Dochnal;08.10.1920;American;Frank Dochnal
452;Thomas;Monarch;03.09.1945;American;Thomas Monarch
842;Pierre;Gasly;07.02.1996;French;Pierre Gasly
453;Jackie;Lewis;01.11.1936;British;Jackie Lewis
454;Ricardo;Rodriguez;14.02.1942;Mexican;Ricardo Rodriguez
455;Wolfgang;Seidel;04.07.1926;German;Wolfgang Seidel
456;Roy;Salvadori;12.05.1922;British;Roy Salvadori
457;Ben;Pon;09.12.1936;Dutch;Ben Pon
458;Rob;Slotemaker;13.06.1929;Dutch;Rob Slotemaker
459;Tony;Marsh;20.07.1931;British;Tony Marsh
460;Gerry;Ashmore;25.07.1936;British;Gerry Ashmore
461;Heinz;Schiller;25.01.1930;Swiss;Heinz Schiller
462;Colin;Davis;29.07.1933;British;Colin Davis
463;Jay;Chamberlain;29.12.1925;American;Jay Chamberlain
464;Tony;Shelly;02.02.1937;New Zealander;Tony Shelly
465;Keith;Greene;05.01.1938;British;Keith Greene
466;Heini;Walter;28.07.1927;Swiss;Heini Walter
467;Ernesto;Prinoth;15.04.1923;Italian;Ernesto Prinoth
468;Roger;Penske;20.02.1937;American;Roger Penske
469;Rob;Schroeder;11.05.1926;British;Rob Schroeder
470;Timmy;Mayer;22.02.1938;American;Timmy Mayer
471;Bruce;Johnstone;30.01.1937;South African;Bruce Johnstone
472;Mike;Harris;25.05.1939;South African;Mike Harris
473;Gary;Hocking;30.09.1937;Rhodesian;Gary Hocking
474;Syd;van der Vyver;01.06.1920;South African;Syd van der Vyver
475;Stirling;Moss;17.09.1929;British;Stirling Moss
476;Wolfgang;von Trips;04.05.1928;German;Wolfgang von Trips
477;Cliff;Allison;08.02.1932;British;Cliff Allison
478;Hans;Herrmann;23.02.1928;German;Hans Herrmann
479;Tony;Brooks;25.02.1932;British;Tony Brooks
480;Michael;May;18.08.1934;Swiss;Michael May
481;Henry;Taylor;16.12.1932;British;Henry Taylor
482;Olivier;Gendebien;12.01.1924;Belgian;Olivier Gendebien
483;Giorgio;Scarlatti;02.10.1921;Italian;Giorgio Scarlatti
484;Brian;Naylor;24.03.1923;British;Brian Naylor
485;Juan Manuel;Bordeu;28.01.1934;Argentine;Juan Manuel Bordeu
486;Jack;Fairman;15.03.1913;British;Jack Fairman
487;Massimo;Natili;28.07.1935;Italian;Massimo Natili
488;Peter;Monteverdi;07.06.1934;Swiss;Peter Monteverdi
489;Renato;Pirocchi;26.03.1933;Italian;Renato Pirocchi
490;Geoff;Duke;29.03.1923;British;Geoff Duke
491;Alfonso;Thiele;05.04.1920;American;Alfonso Thiele
492;Menato;Boffa;04.01.1930;Italian;Menato Boffa
493;Peter;Ryan;10.06.1940;Canadian;Peter Ryan
494;Lloyd;Ruby;12.01.1928;American;Lloyd Ruby
495;Ken;Miles;01.11.1918;British;Ken Miles
496;Carlos;Menditeguy;10.08.1914;Argentine;Carlos Menditeguy
497;Alberto Rodriguez;Larreta;14.01.1934;Argentine;Alberto Rodriguez Larreta
498;Jose Froilan;Gonzalez;05.10.1922;Argentine;Jose Froilan Gonzalez
499;Roberto;Bonomi;30.09.1919;Argentine;Roberto Bonomi
500;Gino;Munaron;02.04.1928;Italian;Gino Munaron
501;Harry;Schell;29.06.1921;American;Harry Schell
502;Alan;Stacey;29.08.1933;British;Alan Stacey
503;Ettore;Chimeri;04.06.1921;Venezuelan;Ettore Chimeri
504;Antonio;Creus;28.10.1924;Spanish;Antonio Creus
505;Chris;Bristow;02.12.1937;British;Chris Bristow
506;Bruce;Halford;18.05.1931;British;Bruce Halford
507;Chuck;Daigh;29.11.1923;American;Chuck Daigh
508;Lance;Reventlow;24.02.1936;American;Lance Reventlow
509;Jim;Rathmann;16.07.1928;American;Jim Rathmann
510;Paul;Goldsmith;02.10.1925;American;Paul Goldsmith
511;Don;Branson;02.06.1920;American;Don Branson
512;Johnny;Thomson;09.04.1922;American;Johnny Thomson
513;Eddie;Johnson;10.02.1919;American;Eddie Johnson
514;Bob;Veith;01.11.1926;American;Bob Veith
515;Bud;Tingelstad;04.04.1928;American;Bud Tingelstad
516;Bob;Christie;04.04.1924;American;Bob Christie
517;Red;Amick;19.01.1929;American;Red Amick
518;Duane;Carter;05.05.1913;American;Duane Carter
519;Bill;Homeier;31.08.1918;American;Bill Homeier
520;Gene;Hartley;28.01.1926;American;Gene Hartley
521;Chuck;Stevenson;15.10.1919;American;Chuck Stevenson
522;Bobby;Grim;04.09.1924;American;Bobby Grim
523;Shorty;Templeman;12.08.1919;American;Shorty Templeman
524;Jim;Hurtubise;05.12.1932;American;Jim Hurtubise
525;Jimmy;Bryan;28.01.1926;American;Jimmy Bryan
526;Troy;Ruttman;11.03.1930;American;Troy Ruttman
527;Eddie;Sachs;28.05.1927;American;Eddie Sachs
528;Don;Freeland;25.03.1925;American;Don Freeland
529;Tony;Bettenhausen;12.09.1916;American;Tony Bettenhausen
530;Wayne;Weiler;09.12.1934;American;Wayne Weiler
531;Anthony;Foyt;16.01.1935;American;Anthony Foyt
532;Eddie;Russo;19.11.1925;American;Eddie Russo
533;Johnny;Boyd;19.08.1926;American;Johnny Boyd
534;Gene;Force;15.06.1916;American;Gene Force
535;Jim;McWithey;04.07.1927;American;Jim McWithey
536;Len;Sutton;09.08.1925;American;Len Sutton
537;Dick;Rathmann;06.01.1924;American;Dick Rathmann
538;Al;Herman;15.03.1927;American;Al Herman
539;Dempsey;Wilson;11.03.1927;American;Dempsey Wilson
540;Mike;Taylor;24.04.1934;British;Mike Taylor
541;Ron;Flockhart;16.06.1923;British;Ron Flockhart
542;David;Piper;02.12.1930;British;David Piper
543;Giulio;Cabianca;19.02.1923;Italian;Giulio Cabianca
544;Piero;Drogo;08.08.1926;Italian;Piero Drogo
545;Fred;Gamble;17.03.1932;American;Fred Gamble
546;Arthur;Owen;23.03.1915;British;Arthur Owen
547;Horace;Gould;20.09.1918;British;Horace Gould
548;Bob;Drake;14.12.1919;American;Bob Drake
549;Ivor;Bueb;06.06.1923;British;Ivor Bueb
550;Alain;de Changy;05.02.1922;Belgian;Alain de Changy
551;Maria;de Filippis;11.11.1926;Italian;Maria de Filippis
552;Jean;Lucienbonnet;07.01.1923;French;Jean Lucienbonnet
553;Andre;Testut;13.04.1926;Monaco;Andre Testut
554;Jean;Behra;16.02.1921;French;Jean Behra
555;Paul;Russo;10.04.1914;American;Paul Russo
556;Jimmy;Daywalt;28.08.1924;American;Jimmy Daywalt
557;Chuck;Arnold;30.05.1926;American;Chuck Arnold
558;Al;Keller;11.04.1920;American;Al Keller
559;Pat;Flaherty;06.01.1926;American;Pat Flaherty
560;Bill;Cheesbourg;12.06.1927;American;Bill Cheesbourg
561;Ray;Crawford;26.10.1915;American;Ray Crawford
562;Jack;Turner;12.02.1920;American;Jack Turner
563;Chuck;Weyant;03.04.1923;American;Chuck Weyant
564;Jud;Larson;21.01.1923;American;Jud Larson
565;Mike;Magill;08.02.1920;American;Mike Magill
566;Carroll;Shelby;11.01.1923;American;Carroll Shelby
567;Fritz;d'Orey;25.03.1938;Brazilian;Fritz d'Orey
568;Azdrubal;Fontes;26.12.1922;Uruguayan;Azdrubal Fontes
569;Peter;Ashdown;16.10.1934;British;Peter Ashdown
570;Bill;Moss;04.09.1933;British;Bill Moss
571;Dennis;Taylor;12.06.1921;British;Dennis Taylor
572;Harry;Blanchard;13.06.1929;American;Harry Blanchard
573;Alessandro;de Tomaso;10.07.1928;Argentine;Alessandro de Tomaso
574;George;Constantine;22.02.1918;American;George Constantine
575;Bob;Said;05.05.1932;American;Bob Said
576;Phil;Cade;12.06.1916;American;Phil Cade
577;Luigi;Musso;28.07.1924;Italian;Luigi Musso
578;Mike;Hawthorn;10.04.1929;British;Mike Hawthorn
579;Juan;Fangio;24.06.1911;Argentine;Juan Fangio
580;Paco;Godia;21.03.1921;Spanish;Paco Godia
581;Peter;Collins;06.11.1931;British;Peter Collins
582;Ken;Kavanagh;12.12.1923;Australian;Ken Kavanagh
583;Gerino;Gerini;10.08.1928;Italian;Gerino Gerini
584;Bruce;Kessler;23.03.1936;American;Bruce Kessler
585;Paul;Emery;12.11.1916;British;Paul Emery
586;Luigi;Piotti;27.10.1913;Italian;Luigi Piotti
587;Bernie;Ecclestone;28.10.1930;British;Bernie Ecclestone
588;Luigi;Taramazzo;05.05.1932;Italian;Luigi Taramazzo
589;Louis;Chiron;1899-08-03;Monaco;Louis Chiron
590;Stuart;Lewis-Evans;20.04.1930;British;Stuart Lewis-Evans
591;George;Amick;24.10.1924;American;George Amick
592;Jimmy;Reece;17.11.1929;American;Jimmy Reece
593;Johnnie;Parsons;04.07.1918;American;Johnnie Parsons
594;Johnnie;Tolan;22.10.1917;American;Johnnie Tolan
595;Billy;Garrett;24.04.1933;American;Billy Garrett
596;Ed;Elisian;09.12.1926;American;Ed Elisian
597;Pat;O'Connor;09.10.1928;American;Pat O'Connor
598;Jerry;Unser;15.11.1932;American;Jerry Unser
599;Art;Bisch;10.11.1926;American;Art Bisch
600;Christian;Goethals;04.08.1928;Belgian;Christian Goethals
601;Dick;Gibson;16.04.1918;British;Dick Gibson
602;Robert;La Caze;26.02.1917;French;Robert La Caze
603;Andre;Guelfi;06.05.1919;French;Andre Guelfi
604;Francois;Picard;26.04.1921;French;Francois Picard
605;Tom;Bridger;24.06.1934;British;Tom Bridger
606;Alfonso;de Portago;11.10.1928;Spanish;Alfonso de Portago
607;Cesare;Perdisa;21.10.1932;Italian;Cesare Perdisa
608;Eugenio;Castellotti;10.10.1930;Italian;Eugenio Castellotti
609;Andre;Simon;05.01.1920;French;Andre Simon
610;Les;Leston;16.12.1920;British;Les Leston
611;Sam;Hanks;13.07.1914;American;Sam Hanks
612;Andy;Linden;05.04.1922;American;Andy Linden
613;Marshall;Teague;22.02.1921;American;Marshall Teague
614;Don;Edmunds;23.09.1930;American;Don Edmunds
615;Fred;Agabashian;21.08.1913;American;Fred Agabashian
616;Elmer;George;15.07.1928;American;Elmer George
617;Mike;MacDowel;13.09.1932;British;Mike MacDowel
618;Herbert;MacKay-Fraser;23.06.1927;American;Herbert MacKay-Fraser
619;Bob;Gerard;19.01.1914;British;Bob Gerard
620;Umberto;Maglioli;05.06.1928;Italian;Umberto Maglioli
621;Paul;England;28.03.1929;Australian;Paul England
622;Chico;Landi;14.07.1907;Brazilian;Chico Landi
623;Alberto;Uria;11.07.1924;Uruguayan;Alberto Uria
624;Hernando;da Silva Ramos;07.12.1925;Brazilian;Hernando da Silva Ramos
625;Elie;Bayol;28.02.1914;French;Elie Bayol
626;Robert;Manzon;12.04.1917;French;Robert Manzon
627;Louis;Rosier;05.11.1905;French;Louis Rosier
628;Bob;Sweikert;20.05.1926;American;Bob Sweikert
629;Cliff;Griffith;06.02.1916;American;Cliff Griffith
630;Duke;Dinsmore;10.04.1913;American;Duke Dinsmore
631;Keith;Andrews;15.06.1920;American;Keith Andrews
632;Paul;Frere;30.01.1917;Belgian;Paul Frere
633;Luigi;Villoresi;16.05.1909;Italian;Luigi Villoresi
634;Piero;Scotti;11.11.1909;Italian;Piero Scotti
635;Colin;Chapman;19.05.1928;British;Colin Chapman
636;Desmond;Titterington;01.05.1928;British;Desmond Titterington
637;Archie;Scott Brown;13.05.1927;British;Archie Scott Brown
638;Ottorino;Volonterio;07.12.1917;Swiss;Ottorino Volonterio
639;Andre;Milhoux;09.12.1928;Belgian;Andre Milhoux
640;Toulo;de Graffenried;18.05.1914;Swiss;Toulo de Graffenried
641;Piero;Taruffi;12.10.1906;Italian;Piero Taruffi
642;Nino;Farina;30.10.1906;Italian;Nino Farina
643;Roberto;Mieres;03.12.1924;Argentine;Roberto Mieres
644;Sergio;Mantovani;22.05.1929;Italian;Sergio Mantovani
645;Clemar;Bucci;04.09.1920;Argentine;Clemar Bucci
646;Jesus;Iglesias;22.02.1922;Argentine;Jesus Iglesias
647;Alberto;Ascari;13.07.1918;Italian;Alberto Ascari
648;Karl;Kling;16.09.1910;German;Karl Kling
649;Pablo;Birger;07.01.1924;Argentine;Pablo Birger
650;Jacques;Pollet;02.07.1922;French;Jacques Pollet
651;Lance;Macklin;02.09.1919;British;Lance Macklin
652;Ted;Whiteaway;01.11.1928;British;Ted Whiteaway
653;Jimmy;Davies;08.08.1929;American;Jimmy Davies
654;Walt;Faulkner;16.02.1920;American;Walt Faulkner
655;Cal;Niday;29.04.1914;American;Cal Niday
656;Art;Cross;24.01.1918;American;Art Cross
657;Bill;Vukovich;13.12.1918;American;Bill Vukovich
658;Jack;McGrath;08.10.1919;American;Jack McGrath
659;Jerry;Hoyt;29.01.1929;American;Jerry Hoyt
660;Johnny;Claes;11.08.1916;Belgian;Johnny Claes
661;Peter;Walker;07.10.1912;British;Peter Walker
662;Mike;Sparken;16.06.1930;French;Mike Sparken
663;Ken;Wharton;21.03.1916;British;Ken Wharton
664;Kenneth;McAlpine;21.09.1920;British;Kenneth McAlpine
665;Leslie;Marr;14.08.1922;British;Leslie Marr
666;Tony;Rolt;16.10.1918;British;Tony Rolt
667;John;Fitch;04.08.1917;American;John Fitch
668;Jean;Lucas;25.04.1917;French;Jean Lucas
669;Prince;Bira;15.07.1914;Thai;Prince Bira
670;Onofre;Marimon;19.12.1923;Argentine;Onofre Marimon
671;Roger;Loyer;05.08.1907;French;Roger Loyer
672;Jorge;Daponte;05.06.1923;Argentine;Jorge Daponte
673;Mike;Nazaruk;02.10.1921;American;Mike Nazaruk
674;Larry;Crockett;23.10.1926;American;Larry Crockett
675;Manny;Ayulo;20.10.1921;American;Manny Ayulo
676;Frank;Armi;12.10.1918;American;Frank Armi
677;Travis;Webb;08.10.1910;American;Travis Webb
678;Len;Duncan;25.07.1911;American;Len Duncan
679;Ernie;McCoy;19.02.1921;American;Ernie McCoy
680;Jacques;Swaters;30.10.1926;American;Jacques Swaters
681;Georges;Berger;14.09.1918;Belgian;Georges Berger
682;Don;Beauman;26.07.1928;British;Don Beauman
683;Leslie;Thorne;23.06.1916;British;Leslie Thorne
684;Bill;Whitehouse;01.04.1909;British;Bill Whitehouse
685;John;Riseley-Prichard;17.01.1924;British;John Riseley-Prichard
686;Reg;Parnell;02.07.1911;British;Reg Parnell
687;Peter;Whitehead;12.11.1914;British;Peter Whitehead
688;Eric;Brandon;18.07.1920;British;Eric Brandon
689;Alan;Brown;20.11.1919;British;Alan Brown
690;Rodney;Nuckey;26.06.1929;British;Rodney Nuckey
691;Hermann;Lang;06.04.1909;German;Hermann Lang
692;Theo;Helfrich;13.05.1913;German;Theo Helfrich
693;Fred;Wacker;10.07.1918;American;Fred Wacker
694;Giovanni;de Riu;10.03.1925;Italian;Giovanni de Riu
695;Oscar;Galvez;17.08.1913;Argentine;Oscar Galvez
696;John;Barber;22.07.1929;British;John Barber
697;Felice;Bonetto;09.06.1903;Italian;Felice Bonetto
698;Adolfo;Cruz;28.06.1923;Argentine;Adolfo Cruz
699;Duke;Nalon;02.03.1913;American;Duke Nalon
700;Carl;Scarborough;03.07.1914;American;Carl Scarborough
701;Bill;Holland;18.12.1907;American;Bill Holland
702;Bob;Scott;04.10.1928;American;Bob Scott
703;Arthur;Legat;1898-11-01;Belgian;Arthur Legat
704;Yves;Cabantous;08.10.1904;French;Yves Cabantous
705;Tony;Crook;16.02.1920;British;Tony Crook
706;Jimmy;Stewart;06.03.1931;British;Jimmy Stewart
707;Ian;Stewart;15.07.1929;British;Ian Stewart
708;Duncan;Hamilton;30.04.1920;British;Duncan Hamilton
709;Ernst;Klodwig;23.05.1903;East German;Ernst Klodwig
710;Rudolf;Krause;30.03.1907;East German;Rudolf Krause
711;Oswald;Karch;06.03.1917;German;Oswald Karch
712;Willi;Heeks;13.02.1922;German;Willi Heeks
713;Theo;Fitzau;10.02.1923;East German;Theo Fitzau
714;Kurt;Adolff;05.11.1921;German;Kurt Adolff
715;Karl Gunther;Bechem;21.12.1921;German;Karl Gunther Bechem
716;Erwin;Bauer;17.07.1912;German;Erwin Bauer
717;Hans;von Stuck;27.12.1900;German;Hans von Stuck
718;Ernst;Loof;04.07.1907;German;Ernst Loof
719;Albert;Scherrer;28.02.1908;Swiss;Albert Scherrer
720;Max;de Terra;06.10.1918;Swiss;Max de Terra
721;Peter;Hirt;30.03.1910;Swiss;Peter Hirt
722;Piero;Carini;06.03.1921;Italian;Piero Carini
723;Rudi;Fischer;19.04.1912;Swiss;Rudi Fischer
724;Toni;Ulmen;25.01.1906;German;Toni Ulmen
725;George;Abecassis;21.03.1913;British;George Abecassis
726;George;Connor;16.08.1906;American;George Connor
727;Jim;Rigsby;06.06.1923;American;Jim Rigsby
728;Joe;James;23.05.1925;American;Joe James
729;Bill;Schindler;06.03.1909;American;Bill Schindler
730;George;Fonder;22.06.1917;American;George Fonder
731;Henry;Banks;14.06.1913;American;Henry Banks
732;Johnny;McDowell;29.01.1915;American;Johnny McDowell
733;Chet;Miller;19.07.1902;American;Chet Miller
734;Bobby;Ball;26.08.1925;American;Bobby Ball
735;Charles;de Tornaco;07.06.1927;Belgian;Charles de Tornaco
736;Roger;Laurent;21.02.1913;Belgian;Roger Laurent
737;Robert;O'Brien;11.04.1908;American;Robert O'Brien
738;Tony;Gaze;03.02.1920;Australian;Tony Gaze
739;Robin;Montgomerie-Charrington;23.06.1915;British;Robin Montgomerie-Charrington
740;Franco;Comotti;24.07.1906;Italian;Franco Comotti
741;Philippe;Etancelin;28.12.1896;French;Philippe Etancelin
742;Dennis;Poore;19.08.1916;British;Dennis Poore
743;Eric;Thompson;04.11.1919;British;Eric Thompson
744;Ken;Downing;05.12.1917;British;Ken Downing
745;Graham;Whitehead;15.04.1922;British;Graham Whitehead
746;Gino;Bianco;22.07.1916;Brazilian;Gino Bianco
747;David;Murray;28.12.1909;British;David Murray
748;Eitel;Cantoni;04.10.1906;Uruguayan;Eitel Cantoni
749;Bill;Aston;29.03.1900;British;Bill Aston
750;Adolf;Brudes;15.10.1899;German;Adolf Brudes
751;Fritz;Riess;11.07.1922;German;Fritz Riess
752;Helmut;Niedermayr;29.11.1915;German;Helmut Niedermayr
753;Hans;Klenk;28.10.1919;German;Hans Klenk
754;Marcel;Balsa;01.01.1909;French;Marcel Balsa
755;Rudolf;Schoeller;27.04.1902;Swiss;Rudolf Schoeller
756;Paul;Pietsch;20.06.1911;German;Paul Pietsch
757;Josef;Peters;16.09.1914;German;Josef Peters
758;Dries;van der Lof;23.08.1919;Dutch;Dries van der Lof
759;Jan;Flinterman;02.10.1919;Dutch;Jan Flinterman
760;Piero;Dusio;13.10.1899;Italian;Piero Dusio
761;Alberto;Crespo;16.01.1920;Argentine;Alberto Crespo
762;Franco;Rol;05.06.1908;Italian;Franco Rol
763;Consalvo;Sanesi;28.03.1911;Italian;Consalvo Sanesi
764;Guy;Mairesse;10.08.1910;French;Guy Mairesse
765;Henri;Louveau;25.01.1910;French;Henri Louveau
766;Lee;Wallard;07.09.1910;American;Lee Wallard
767;Carl;Forberg;04.03.1911;American;Carl Forberg
768;Mauri;Rose;26.05.1906;American;Mauri Rose
769;Bill;Mackey;15.12.1927;American;Bill Mackey
770;Cecil;Green;30.09.1919;American;Cecil Green
771;Walt;Brown;30.12.1911;American;Walt Brown
772;Mack;Hellings;14.09.1915;American;Mack Hellings
773;Pierre;Levegh;22.12.1905;French;Pierre Levegh
774;Eugene ;Chaboud;12.04.1907;French;Eugene  Chaboud
775;Aldo;Gordini;20.05.1921;French;Aldo Gordini
776;Joe;Kelly;13.03.1913;Irish;Joe Kelly
777;Philip;Fotheringham-Parker;22.09.1907;British;Philip Fotheringham-Parker
778;Brian;Shawe Taylor;28.01.1915;British;Brian Shawe Taylor
779;John;James;10.05.1914;British;John James
780;Toni;Branca;15.09.1916;Swiss;Toni Branca
781;Ken;Richardson;21.08.1911;British;Ken Richardson
782;Juan;Jover;23.11.1903;Spanish;Juan Jover
783;Georges;Grignard;25.07.1905;French;Georges Grignard
784;David;Hampshire;29.12.1917;British;David Hampshire
785;Geoff;Crossley;11.05.1921;British;Geoff Crossley
786;Luigi;Fagioli;09.06.1898;Italian;Luigi Fagioli
787;Cuth;Harrison;06.07.1906;British;Cuth Harrison
788;Joe;Fry;26.10.1915;British;Joe Fry
789;Eugene ;Martin;24.03.1915;French;Eugene  Martin
790;Leslie;Johnson;22.03.1912;British;Leslie Johnson
791;Clemente;Biondetti;18.08.1898;Italian;Clemente Biondetti
792;Alfredo;Pian;21.10.1912;Argentine;Alfredo Pian
793;Raymond;Sommer;31.08.1906;French;Raymond Sommer
794;Joie;Chitwood;14.04.1912;American;Joie Chitwood
795;Myron;Fohr;17.06.1912;American;Myron Fohr
796;Walt;Ader;15.12.1913;American;Walt Ader
797;Jackie;Holmes;04.09.1920;American;Jackie Holmes
798;Bayliss;Levrett;14.02.1914;American;Bayliss Levrett
799;Jimmy;Jackson;25.07.1910;American;Jimmy Jackson
800;Nello;Pagani;11.10.1911;Italian;Nello Pagani
801;Charles;Pozzi;27.08.1909;French;Charles Pozzi
802;Dorino;Serafini;22.07.1909;Italian;Dorino Serafini
803;Bill;Cantrell;31.01.1908;American;Bill Cantrell
804;Johnny;Mantz;18.09.1918;American;Johnny Mantz
805;Danny;Kladis;10.02.1917;American;Danny Kladis
806;Oscar;Gonzalez;10.11.1923;Uruguayan;Oscar Gonzalez
807;Nico;Hulkenberg;19.08.1987;German;Nico Hulkenberg
808;Vitaly;Petrov;08.09.1984;Russian;Vitaly Petrov
810;Lucas;di Grassi;11.08.1984;Brazilian;Lucas di Grassi
811;Bruno;Senna;15.10.1983;Brazilian;Bruno Senna
812;Karun;Chandhok;19.01.1984;Indian;Karun Chandhok
813;Pastor;Maldonado;09.03.1985;Venezuelan;Pastor Maldonado
814;Paul;di Resta;16.04.1986;British;Paul di Resta
815;Sergio;Perez;26.01.1990;Mexican;Sergio Perez
816;Jerome;d'Ambrosio;27.12.1985;Belgian;Jerome d'Ambrosio
817;Daniel;Ricciardo;01.07.1989;Australian;Daniel Ricciardo
818;Jean-Eric;Vergne;25.04.1990;French;Jean-Eric Vergne
819;Charles;Pic;15.02.1990;French;Charles Pic
820;Max;Chilton;21.04.1991;British;Max Chilton
821;Esteban;Gutierrez;05.08.1991;Mexican;Esteban Gutierrez
822;Valtteri;Bottas;28.08.1989;Finnish;Valtteri Bottas
823;Giedo;van der Garde;25.04.1985;Dutch;Giedo van der Garde
824;Jules;Bianchi;03.08.1989;French;Jules Bianchi
825;Kevin;Magnussen;05.10.1992;Danish;Kevin Magnussen
826;Daniil;Kvyat;26.04.1994;Russian;Daniil Kvyat
827;Andre;Lotterer;19.11.1981;German;Andre Lotterer
828;Marcus;Ericsson;02.09.1990;Swedish;Marcus Ericsson
829;Will;Stevens;28.06.1991;British;Will Stevens
830;Max;Verstappen;30.09.1997;Dutch;Max Verstappen
831;Felipe;Nasr;21.08.1992;Brazilian;Felipe Nasr
832;Carlos;Sainz;01.09.1994;Spanish;Carlos Sainz
833;Roberto;Merhi;22.03.1991;Spanish;Roberto Merhi
834;Alexander;Rossi;25.09.1991;American;Alexander Rossi
835;Jolyon;Palmer;20.01.1991;British;Jolyon Palmer
836;Pascal;Wehrlein;18.10.1994;German;Pascal Wehrlein
837;Rio;Haryanto;22.01.1993;Indonesian;Rio Haryanto
838;Stoffel;Vandoorne;26.03.1992;Belgian;Stoffel Vandoorne
839;Esteban;Ocon;17.09.1996;French;Esteban Ocon
840;Lance;Stroll;29.10.1998;Canadian;Lance Stroll
841;Antonio;Giovinazzi;14.12.1993;Italian;Antonio Giovinazzi
843;Brendon;Hartley;10.11.1989;New Zealander;Brendon Hartley
844;Charles;Leclerc;16.10.1997;Monaco;Charles Leclerc
845;Sergey;Sirotkin;27.08.1995;Russian;Sergey Sirotkin
846;Lando;Norris;13.11.1999;British;Lando Norris
847;George;Russell;15.02.1998;British;George Russell
848;Alexander;Albon;23.03.1996;Thai;Alexander Albon
849;Nicholas;Latifi;29.06.1995;Canadian;Nicholas Latifi
850;Pietro;Fittipaldi;25.06.1996;Brazilian;Pietro Fittipaldi
851;Jack;Aitken;23.09.1995;British;Jack Aitken
852;Yuki;Tsunoda;11.05.2000;Japanese;Yuki Tsunoda
853;Nikita;Mazepin;02.03.1999;Russian;Nikita Mazepin
854;Mick;Schumacher;22.03.1999;German;Mick Schumacher
855;Guanyu;Zhou;30.05.1999;Chinese;Guanyu Zhou
856;Nyck;de Vries;06.02.1995;Dutch;Nyck de Vries
